Specie,Gene,Sequence,Initial position,Final position
Candida albicans,ERG3,ATGGATATCGTACTAGAAATTTGTGACTATTATCTTTTTGATAAAGTTTACGCTGATGTTTTCCCTAAAGATGGTGCTGTTCATGAATTTTTGAAACCAGCTATACAATCATTTTCACATAGATTTCCCAAGTCTCCCAAATTTGGATTCATTTGATACAAATTCTACTTTGATTTCTTCAAATAATTTCAATATTAGTAATGTTAACCCAGCAACTATTCCAAGTTATTTATTTTCTAAAATTGCTAGTTATCAAGATAAATCAGAAATTTATGGATTAGCTCCTAAATTTTTCCCAGCTACTGATTTCATTAATACTTCATTTTTAGCCAGATCAAACATTTTCAGAGAAACTTTATCACTTTTCATTATCACTACTATATTTGGTTGGTTATTATATTTCATTGTGGCTTACTTATCATATGTTTTCGTTTTCGATAAGAAAATTTTCAACCATCCAAGATATTTGAAAAACCAAATGTCTTTGGAAATTAAACGTGCCACTACTGCCATTCCAGTTATGGTTTTATTAACTATCCCATTCTTTTTATTAGAATTAAATGGGTATTCCTTCCTTTATTTAGATATCAATGAATGTACTGGTGGTTATAAAGCTATCTTGTGGCAAATTCCTAAATTCATTCTTTTCACCGATTGTGGTATTTATTTCCTTCATAGATGGTTACACTGGCCATCTGTTTACAAAGTGTTACATAAACCTCATCACAAGTGGATTGTTTGTACTCCATTTGCTTCTCATGCTTTCCATCCAGTTGATGGGTTCTTCCAATCTTTACCTTACCATCTTTACCCATTATTATTCCCATTGCATAAAGTATTGTACTTGTTTTTGTTCACTTTTGTTAACTTTTGGACTGTCATGATTCATGATGGTAGTTACTGGTCTAATGACCCAGTTGTCAATGGTACCGCTTGTCACACTGTCCATCACTTGTATTTCAACTACAATTACGGTCAATTCACTACTCTTTGGGATAGACTTGGTAACTCTTACAGAAGACCAGATGATTCATTGTTTGTTAAAGATGTAAAGGCAGAAGAAGAAAAGAAGATTTGGAAAGAACAAACTAGAAAAATGGAAGAAATTAGAGGAGAAGTTGAAGGTAAAGTTGACGATAGAGAATATGTTGAACAATGA,1,156
Candida glabrata,ERG3,GTGTGAGTGTATGCAGTGTGAGTATATGCAGTGCGAGTGTATGTAAAGAATGCAAGTACCATAAGAATGCAAGTGTACAAGCATATGTATGTGTAGTACAACTACAAGTAGTACAAGTAGTACAAGTATAGATGTTATGTATATCATGTGACAGCGTCTGCAACGATATACTATACGACTTCGTATAGTATTGAACGGAGATAAGGTATACGACCGTATAGAGACTATACGAGTGTGCTCTTTGCGGATCCCCCCCCCAGCGAGAGCTGCTAGAGCTGAGAAAAGTCTCTCGAGAGCTGCGAGAGCCTTGAGGAGAGATGAGGCCTGGAAGAAGAGCTGATCTCTCTAGAAGTGAAAAATTTCATCCCATTGTCTGGGCCCATACGACCGTTACATAATTGCCCAGTGCAGCCATCGGTTTTTACCTATACGTGGGAACTACGAGAACAAGAGCTAAGAGTATAAATATTGGGTACATTTGTCTTGCATTTCAGATAACCTACAGCCAGTAGAAGAAAAAAAAAAAAAAACAGCACTAAGCTTTTATACAAAAACAAATAATGGATTTGGTGTTGGAAACTTTGGACCATTACATCTTCGACGATGTGTATGCCAAGATTGCGCCTGTTGAGTTGCAACGTGGTATCGACGACTCGTTGGTCAATGCTTTGTCTCTGAATAAGATCGTCTCTAACTCTACGCTGCTGCATGAGACCTTGTCTATCACTAACTCCTTGAAGCGTGTGAACAAGGACGTCTACGGGTTGACTCCCTTCTTGTTTGACTTCACAGAGAAGACCTACGCGTCTTTGCTGCCAAGAAACAACCTGATCAGAGAGTTCTTCTCCCTGTGGGCTGTCGTCACCGTCTTCGGTCTGCTATTGTACCTGATCACCGCCTCTTTGTCCTACGTTTTCGTCTTCGACAGAACTATCTTCAACCATCCAAAATACTTGAAGAACCAGATGTACCTGGAGATCAAGTTGGCTGTCTCTGCCATCCCTACTATGTCCCTCTTGACTGTCCCTTGGTTTATGCTAGAGCTGAACGGATACTCTAAGCTGTACTACGATGTCGACTGGGAGCACCACGGTCTAAGGAAACTGCTGATCGAGTACGCCACTTTCATCTTCTTCACCGACTGTGGTATCTACTTGGCTCACAGATGGCTGCACTGGCCTCGTGTCTACAAGGCCTTGCACAAGCCTCACCACAAGTGGTTGGTCTGCACTCCATTCGCCTCCCACGCCTTCCACCCAGTCGACGGTTACTTCCAATCCTTGTCCTACCACATCTACCCAATGATCCTGCCTCTACACAAGATCTCCTACTTGATCCTGTTCACCTTCGTCAACTTCTGGTCCGTTATGATCCACGACGGTCAACACATGTCCAACAACCCAGTTGTCAACGGTACCGCCTGCCACACCGTCCACCACTTGTACTTCAACTACAACTACGGTCAGTTCACCACCTTGTGGGACAGATTGGGTGGCTCCTACAGAAGACCAGAGGACTCCCTGTTCGACCCTAAGCTAAAGATGGACAAGAAGGTCCTAGAAAAGCAAGCTAGAGAAACCGCCGCTTACATCCAAGAGGTGGAAGGTGACGACACAGACAGAGTCTACAACACCGACAAGAAGAAGACCAACTAGACAGGAAACACCGGTGTCTCGCGCACACATTACTTTTCCTACATCATAACTCTTTCATGACCCATTTATTTTTGATTTTTCACCTACTAAATGAACAATTACTATTTTTTTTTATCATGGTTTACCTTTGCAAAACTATCAAAAAGGAAAAAGAAATACAACCACTATAGACTCTTTTTTTTTTCAACTTATCTTTTTGTTAATTTATTCATTCATTTCCAGAATTATTTTCTTTATGTCCATTATTCTGATGAGTTATTTTTTTCCTCAGAGAAAACTCAAGTGCTGACCTGGGTTCTCATATTTTTTATGGCAACAAATTAACGCTTATATATGAAAGTCTCTTACGTATCAAGAACTATACACAATTTTTATATACCAATATGAAATAGAAGTTCACTCAAGAACTATTTACTCAAATAACGGTCCTCTTTAATCATGTACTGACCCTCCTACACCAATCATCGTATGCAGCTATGGCTTACCAACCTTTGATCTGCGATGCGCATTACTTCTCAAAATGTGGTAAGCTAAATTGAGTCAGGAACTTAGCTTGCATATAGAAGGTCACCCGGTAGTCCCGGC,561,1655
Candida parapsilosis,ERG3,ATGGATATCGTACTAGAAATTTGTGACTATTATCTTTTTGATAAAGTTTACGCTGATGTTTTCCCTAAAGATGGTGCTGTTCATGAATTTTTGAAACCAGCTATACAATCATTTTCACATAGATTTCCCAAGTCTCCCAAATTTGGATTCATTTGATACAAATTCTACTTTGATTTCTTCAAATAATTTCAATATTAGTAATGTTAACCCAGCAACTATTCCAAGTTATTTATTTTCTAAAATTGCTAGTTATCAAGATAAATCAGAAATTTATGGATTAGCTCCTAAATTTTTCCCAGCTACTGATTTCATTAATACTTCATTTTTAGCCAGATCAAACATTTTCAGAGAAACTTTATCACTTTTCATTATCACTACTATATTTGGTTGGTTATTATATTTCATTGTGGCTTACTTATCATATGTTTTCGTTTTCGATAAGAAAATTTTCAACCATCCAAGATATTTGAAAAACCAAATGTCTTTGGAAATTAAACGTGCCACTACTGCCATTCCAGTTATGGTTTTATTAACTATCCCATTCTTTTTATTAGAATTAAATGGGTATTCCTTCCTTTATTTAGATATCAATGAATGTACTGGTGGTTATAAAGCTATCTTGTGGCAAATTCCTAAATTCATTCTTTTCACCGATTGTGGTATTTATTTCCTTCATAGATGGTTACACTGGCCATCTGTTTACAAAGTGTTACATAAACCTCATCACAAGTGGATTGTTTGTACTCCATTTGCTTCTCATGCTTTCCATCCAGTTGATGGGTTCTTCCAATCTTTACCTTACCATCTTTACCCATTATTATTCCCATTGCATAAAGTATTGTACTTGTTTTTGTTCACTTTTGTTAACTTTTGGACTGTCATGATTCATGATGGTAGTTACTGGTCTAATGACCCAGTTGTCAATGGTACCGCTTGTCACACTGTCCATCACTTGTATTTCAACTACAATTACGGTCAATTCACTACTCTTTGGGATAGACTTGGTAACTCTTACAGAAGACCAGATGATTCATTGTTTGTTAAAGATGTAAAGGCAGAAGAAGAAAAGAAGATTTGGAAAGAACAAACTAGAAAAATGGAAGAAATTAGAGGAGAAGTTGAAGGTAAAGTTGACGATAGAGAATATGTTGAACAATGA,1,156
Candida tropicalis,EGR3,ATGGATATCGTTCTTGAAATTTGTGACTACTTTCTTTTTGATAAAGTCTATAGTAAAGTTTTCCCTAAAAACGGAGCAGCTCATGAATTTGTTAAAAATTCACCAATTATTCAATCATTATCCAATATTCAACTCCCAAAAGCTGAAATTTTAGATTCATTTTCTACAAATTCAACTATCTTATCATCTTCATCAACTTCAAATTTCTCCCTTGCAAATGTAAATCCAGCTAATATCCCAAATTATTTATTAACAAAAATTGCAAATTATCAAGATAAATCAGAAATCTACGGTTTAGCTCCTACTTTTTTGCCTGCTGGTGATTATTTCGATAGTTCATTCTTAGCAAGATCTAATATTTTCAGAGAATTCTTATCCCTTTTCATAGTTACTACTATTTTTGGTTGGGTTTTATATTTCCTTGTTGCTACTTTATCTTATATGTTTGTTTTTGATAGAAATATTTTCAATCATCCAAGATATTTGAAAAATCAAATGTCTTTGGAAATCGGTTTGGCAACTAGAGCCATTCCAGTTATGGTTTTATTAACTTGTCCTTTCTTTATGATGGAATTGCATGGTTTTTCATTCCTTTACTACAATATTGATGAATCTACTGGTGGTTATAAGGCACTTTTATGGCAATTTCCTAAATTTATTTTATTTACTGATTGTGGTATTTATTTCCTTCACAGATGGTTACATTGGCCAAGTGTTTATAAAGCTTTACATAAACCACATCATAAATGGATTGTTTGTACTCCTTTTGCATCCCATGCTTTCCATCCAGTTGATGGTTTTTTCCAATCTTTACCATATCATATCTATCCATTATTTTTCCCATTACATAAAGTTTTATACTTGTTTTTGTTCACTTTTGTCAATTTCTGGACTGTTATGATTCATGATGGTAATTATTGGTCAAATGATCCAGTTGTCAATGGTACTGCTTGTCATACTGTTCATCATTTATATTTCAACTATAACTATGGTCAATTCACCACTTTGTGGGACAGATTAGGTAGATCTTACAGAAGACCAGATGATTCTTTGTTTGTTAGACAACAACCAAAAGAAATTGAAAAGAAAGTTTGGAAGCAACAAACTAAAGAAATGGAAGAAATTAGAGGTGAACTTGAAGGTAAAGTTGATGACAGAGAATATGTCTCTGAAGAATAG,1,1179
Candida albicans,ERG11,ATGGCTATTGTTGAAACTGTCATTGATGGCATTAATTATTTTTTGTCCCTTAGTGTTACACAACAGATCAGTATATTATTAGGGGTTCCATTTGTTTACAACTTAGTATGGCAATATTTATATTCATTAAGAAAAGATAGAGCTCCATTAGTGTTTTATTGGATTCCTTGGTTTGGTTCTGCAGCTTCATATGGTCAACAACCTTATGAATTTTTCGAATCATGTCGTCAAAAGTATGGTGATGTATTTTCATTTATGTTATTAGGGAAAATTATGACGGTTTATTTAGGTCCAAAAGGTCATGAATTTGTTTTTAATGCTAAATTATCTGATGTTTCTGCTGAAGATGCTTATAAACATTTAACTACTCCAGTTTTCGGTAAAGGGGTTATTTATGATTGTCCAAATTCCAGATTAATGGAACAAAAAAAATTTGCTAAATTTGCTTTGACTACTGATTCATTTAAAAGATATGTTCCTAAGATTAGAGAAGAAATTTTGAATTATTTTGTTACTGATGAAAGTTTCAAATTGAAAGAAAAAACTCATGGGGTTGCCAATGTTATGAAAACTCAACCAGAAATTACTATTTTCACTGCTTCAAGATCTTTATTTGGTGATGAAATGAGAAGAATTTTTGACCGTTCATTTGCTCAACTATATTCTGATTTAGATAAAGGTTTTACCCCTATTAATTTTGTTTTCCCTAATTTACCTTTACCTCATTATTGGAGACGTGATGCTGCTCAAAAGAAAATCTCTGCTACTTATATGAAAGAAATTAAACTGAGAAGAGAACGTGGTGATATTGATCCAAATCGTGATTTAATTGATTCCTTATTGATTCATTCAACTTATAAAGATGGTGTGAAAATGACTGATCAAGAAATTGCTAATCTTTTAATTGGTATTCTTATGGGTGGTCAACATACTTCTGCTTCTACTTCTGCTTGGTTCTTGTTACATTTAGGTGAAAAACCTCATTTACAAGATGTTATTTATCAAGAAGTTGTTGAATTATTGAAAGAAAAAGGTGGTGATTTGAATGATTTGACTTATGAAGATTTACAAAAATTACCATCAGTCAATAACACTATTAAGGAAACTCTCAGAATGCATATGCCATTACATTCTATTTTTAGAAAAGTTACTAACCCATTAAGAATCCCTGAAACCAATTATATTGTTCCAAAAGGTCATTATGTTTTAGTTTCTCCAGGTTATGCTCATACTAGTGAAAGATATTTTGATAACCCTGAAGATTTTGATCCAACTAGATGGGATACTGCTGCTGCCAAAGCTAATTCTGTTTCATTTAACTCTTCTGATGAAGTTGATTATGAGTTTGGGAAAGTTTCTAAAGGGGTTTCTTCACCTTATTTACCATTTGGTGGTGGTAGACATAGATGTATTGGGGAACAATTTGCTTATGTTCAATTAGGAACCATTTTAACTACTTTTGTTTATAATTTAAGATGGACTATTGATGGTTATAAAGTGCCTGACCCTGATTATAGTTCAATGGTGGTTTTACCTACTGAACCAGCAGAAATCATTTGGGAAAAAAGAGAAACTTGTATGTTTTAA,1,1587
Candida glabrata,ERG11,AAAAGCCTTGTTCCAACTACAATCGAGTGAGCTTGAAGAGTTATAGTGAGATGGGAGCACAGGAGTACAAGGGTACAAAGAGCACTTCACAGCACAGAAGCAGAAAACCCACGTTCGCCTGCACCAAACGACATGAGATAAGGATTTATCGCTTCTTCTCTAATCCAGTTGCACACATCGTATACCCGAGTGACATCTTTGCAAGCCCTTCCCATCACTGATTAGACAATGGAAACAGCTTAAACCCAATTGCTGTGTCTTGTTTATCGGTCCATCTCTGTTTCTTTTTTTTTATGGCCTTTGCTCAGCACAGTGAAAACCCTTAACAAACTGCAATTTTGAAAAAAAAAAATTGAAAAAAAATTTTATCATCGTATATTCCACCTCGAAGAACCCGTATACTCATCTCGTATAATCAGTAGTCAAGACTTGTGCTAAACATCTTTACAAAAAAATGTATATAATGGGCGATCCCTTCATGTCCATTGTCTTGAATTTCTTGTTCTCATTGTCTATTTCGATACTACAAACCACATAAATCAAAAAAAAACTACAATAACATGTCCACTGAAAACACTTCTTTGGTCGTTGAACTATTGGAGTACGTGAAGCTTGGTCTTTCGTACTTCCAAGCTCTGCCATTGGCGCAGAGAGTGTCTATTATGGTCGCCTTGCCATTTGTGTACACCATCACATGGCAATTGCTTTACTCCTTGAGAAAGGACAGACCACCACTTGTGTTCTACTGGATCCCATGGGTCGGCTCTGCTATCCCATACGGTACCAAGCCATACGAGTTCTTCGAAGACTGCCAAAAGAAATACGGTGATATCTTCTCTTTCATGCTATTGGGTAGAATTATGACTGTCTACTTGGGTCCAAAGGGTCACGAATTCATCTTCAACGCCAAGTTGGCCGATGTTTCCGCTGAAGCTGCTTACTCCCACTTGACCACCCCAGTGTTCGGTAAAGGTGTTATCTACGATTGTCCAAACCACAGACTAATGGAACAAAAGAAGTTTGTCAAGGGTGCTTTGACTAAGGAAGCCTTTGTCAGATACGTTCCATTGATCGCTGAGGAAATCTACAAGTACTTCAGAAACTCCAAGAACTTCAAGATCAACGAAAACAACTCCGGTATCGTCGACGTTATGGTCTCCCAACCTGAAATGACTATCTTCACTGCTTCCAGATCCTTGCTAGGTAAGGAAATGAGAGACAAGTTGGACACCGACTTCGCTTACTTGTACAGTGACTTGGACAAGGGTTTCACCCCAATTAACTTCGTCTTCCCTAACTTGCCTCTAGAACACTACAGAAAGAGAGATCATGCCCAACAAGCTATCTCTGGTACTTACATGTCCTTGATTAAGGAAAGACGTGAGAAGAACGATATCCAAAACCGTGACTTGATTGATGAATTGATGAAGAACTCCACTTACAAGGATGGTACTAAGATGACCGACCAAGAAATTGCCAACCTATTGATTGGTGTCTTGATGGGTGGTCAACATACTTCCGCTGCTACCTCCGCTTGGTGTCTATTGCATTTGGCTGAAAGACCAGATGTCCAAGAAGAATTATACCAAGAACAAATGCGCGTCTTGAACAACGATACCAAGGAATTGACTTACGATGACCTACAAAACATGCCTCTATTGAACCAAATGATCAAGGAAACTTTGAGATTGCACCACCCATTGCACTCTTTGTTCCGTAAAGTCATGAGAGATGTCGCTATTCCAAACACTTCCTACGTTGTCCCAAGGGACTACCACGTTCTAGTCTCCCCAGGTTACACTCACTTGCAAGAAGAATTCTTCCCTAAGCCAAATGAATTCAACATCCACCGTTGGGACGGTGATGCTGCTTCTTCCAGTGCTGCTGGTGGTGACGAAGTTGATTACGGTTTCGGTGCTATCTCCAAGGGTGTTTCCTCTCCATACTTGCCATTCGGTGGTGGTAGACACAGATGTATCGGTGAATTGTTCGCTTACTGTCAATTGGGTGTGTTGATGTCCATTTTCATCAGAACCATGAAATGGCGTTACCCAACTGAAGGTGAAACTGTCCCACCATCTGACTTCACCTCCATGGTCACCCTACCAACTGCCCCTGCTAAGATCTACTGGGAAAAGAGACATCCAGAACAAAAGTACTAGATGCTTTCAAAATATTAAACATTTTCTTCCAATAATCAATGGTCAAAACCTACTTCAAACAATATTGCTGTCTGGCTCGTATACGGGATATACGCTGATTCATTAGCCTAATAGTAAGTCATCGTGAATATCAACATGGATATTTCGGCATGACTTAAGCTGGTTGTTTCGTTTAGAGGGCTTTGCTGCTAAACGAACTATACGATGTCTTCATCCGTATAACTAGCAATGTATGCAGTGCAAGCATATGACAAAGTTGGTTGATCCCAAAGATTGTTTTAAAAAAATTCATTTTCATGATCAAAATTCAATGCTTCTTATACTACATTTTTTTCATTTTCATTCATCTTTATTTTGGTGCCATTAACATATAGACTTAAGTTTCATTTACTATTTTATATTTATTATAAAATTTAAACCGTGTATACAATACAATATTATTTAACAAATCGAACTCTTGTATTATTATCAAACTTTACCTTGGTAAGCCTAAAGAAACCACGTTTT,561,2162
Candida parapsilosis,ERG11,TGCTAACTTGTTGATTGGTGTTTTGATGGGAGGACAACATACCAGTGCTACTACATCTGCTTGGTTTTTATTACATTTAGCTGAAAAACCTGAATTACAAGATGAATTGTATCAAGAGGTCCTTAACGCATTATCAGGTAAAGGTGGAAACTTGGATGATTTATCATACGAAGATTTACAACAAATGCCATTGGTAAACAACACCATCAAAGAAACTTTGAGATTACACATGCCATTACATTCCATCTTCAGAAAAGTTGTTTCCCCATTAGTTGTCCCAAATACAAAATACATAGTCCCTAAAGGACATCATGTTTTGGTATCACCAGGTTATGCTCACACCAATGAAAGGTTCTACAAAGACGCATCTGTTTTCAATCCACATAGATGGGACGAATCGGCATCTACCAATGACGCAGGTGAAGTTGAT,1,430
Candida tropicalis,ERG11,ATGGCTATTGTTGATACTGCCATTGATGGCATCAATTATTTCTTATCCTTATCATTAACTCAACAAATCACCATCTTGGTTGTTTTCCCATTCATCTACAACATAGCATGGCAATTACTTTACTCCTTAAGAAAAGATAGAGTTCCAATGGTTTTCTACTGGATCCCATGGTTTGGTTCTGCTGCTAGTTATGGTATGCAACCATACGAATTCTTTGAAAAGTGTAGATTGAAATATGGTGATGTTTTTTCATTTATGTTATTGGGTAAAGTTATGACTGTTTATTTGGGTCCAAAAGGTCACGAATTCATTTACAATGCTAAATTATCCGATGTTTCTGCTGAAGAAGCTTATACCCATTTGACTACTCCTGTTTTTGGTAAAGGTGTTATTTATGATTGTCCAAACTCTAGATTAATGGAACAAAAGAAGTTTGCTAAATTTGCTTTGACTACTGATTCTTTCAAAACCTATGTTCCAAAGATCAGAGAAGAAGTTTTGAATTATTTTGTTAACGATGTTAGTTTCAAAACCAAGGAAAGAGACCATGGTGTTGCTAGTGTTATGAAAACTCAACCAGAAATCACTATTTTCACTGCTTCTCGTTGTTTATTTGGTGATGAAATGAGAAAGAGTTTCGACAGATCATTTGCTCAATTGTATGCTGACTTGGATAAAGGTTTCACCCCAATCAACTTTGTTTTCCCAAACTTGCCATTACCTCATTACTGGAGACGTGACGCTGCTCAAAGAAAGATATCTGCTCATTACATGAAGGAAATTAAGAGAAGAAGAGAAAGCGGTGATATTGATCCAAAGAGAGATTTGATTGATTCCTTGTTGGTTAACTCTACTTATAAAGATGGTGTTAAAATGACTGATCAAGAAATTGCTAACCTTTTAATTGGTGTTTTGATGGGTGGTCAACATACTTCTGCTTCCACTTCTGCCTGGTTCTTGTTGCATTTGGCTGAACAACCACAATTACAAGATGATCTTTACGAAGAATTGACCAACTTGTTGAAAGAAAAGGGTGGTGACTTGAACGATTTGACTTACGAAGACTTGCAAAAATTACCATTGGTTAACAACACTATTAAAGAAACTTTGAGAATGCACATGCCATTGCATTCTATTTTCAGAAAAGTTATGAACCCATTGAGAGTCCCAAATACCAAATATGTTATTCCAAAAGGTCACTATGTCTTAGTTTCTGCCGGTTATGCTCATACCAGTGATAGATGGTTTGAACACCCAGAACATTTCAACCCAAGAAGATGGGAATCTGATGATACCAAGGCTAGTGCTGTTTCTTTCAATTCTGAAGATACTGTTGATTATGGTTTCGGTAAAATTTCCAAGGGTGTCTCCTCTCCATACTTGCCATTCGGTGGTGGTAGACACAGATGTATTGGTGAACAATTTGCTTATGTTCAATTGGGAACTATTTTGACCACTTATATCTACAACTTCAAATGGAGATTAAACGGTGATAAGGTTCCAGATGTTGATTACCAATCCATGGTTACCTTACCATTAGAACCTGCTGAAATTGTTTGGGAAAAGAGAGATACTTGTATGGTTTAG,1,1587
Candida albicans,FKS1,TTTTGGTGTTAATTTTCTTACTCAATTTGGTTCCACCAGTTTATACATTCCAAATTACCAAATTGGTGATTTATTCGAAATCGGCATATGCTGTGTCGATTGTTGGATTTTTCATTGCTGTGGCCACTTTAGTATTCTTTGCCGTCATGCCATTGGGTGGTTTATTCACTTCATACATGAACAAGAGATCAAGAAGATATATTGCATCACAAACATTTACTGCCAACTACATTAAATTGAAAGGTTTAGATATGTGGATGTCTTATTTGTTATGGTTTTTGGTTTTCCTTGCCAAATTGGTTGAATCTTATTTCTTCTTGACTTTGTCTTTAAGAGATCCTATTAGAAACTTGTCGACCATGACAATGAGATGTGTTGGTGAAGTTTGGTACAAAGATATTGTTTGTAGAAACCAAGCCAAGATTGTCTTGGGGTTGATGTATCTTGTTGATTTGTTATTGTTCTTTTTGGATACTTATATGTGGTACATTATTTGTAACTGTATCTTCTCCATTGGTCGTTCATTCTATTTGGGTATTTCCATTTTGACTCCTTGGAGAAACATTTTCACCAGATTGCCAAAGAGAATTTATTCCAAGATTTTAGCTACCACGGAAATGGAAATCAAATATAAACCTAAAGTTTTGATTTCACAAATTTGGAATGCCATTGTTATTTCCATGTACAGAGAACATTTGTTAGCCATTGATCACGTTCAAAAA,1,722
Candida glabrata,FKS1,ATGTCTTACAATAATAACGGACAACAAATGTCCGATCAGGGCTACTATGATAATAACCAAGGTTATTACCAACCGGAAGACCAACAGAATGGTCAAGCCATGTACGGTGACGAAGGTTACTACGACCCAAACATCAGCGGTGGTGACTACTACAACCAACCACCACCACCTCCAAACATGATGGGCCAAGACATGGAGAACTTCTCTGATTTCAGCAGTTACGGCCCTCCTGGTGTGCAAGGTTACGACTATCAGAACATGAACCAATCTGGTCAATACACGCCATCTCAAATGAGTTACAACGGCGATCCAAACTCTGGATCCTCAACTCCTATATACGGTAATGGCATGTCTGCTTACGATCCTAATGCCATCGCTATGGCGTTGCCTAACGATCCATACCCAGCATGGACCGCAGACAGCCAATCACCAGTGCCAATCGAACAGATCGAGGATGTCTTCATTGACCTAACGAACAAATTCGGTTTCCAAAGAGACTCCATGAGAAACATGTTCGACCACTTCATGACTCTTCTAGATTCTAGAACTTCTAGAATGGCTCCAGACCAAGCTTTGCTGTCTTTGCACGCCGATTATATCGGTGGTGATACAGCCAACTACAAGAAATGGTACTTCGCCGCCCAACTAGATATGGATGATGAAGTCGGTTTCAGAAACATGAGCTTGGGTAAACTATCCAGAAAGGCCAGAAAGGCCAAGAAGAAGAATAAGAAGGCCATGGAGGAGGCCAATCCAGAGGATGCTGAAGACATTCTAAATAAACTGGAAGGTGACAACTCTTTAGAAGCCGCTGATTTCAGATGGAAGACTAAGATGAATGCCTTAACTCCAATCGAAAGAGTTCGTCAAATCGCTCTATACCTTTTGATCTGGGGTGAAGCTAACCAAGTCAGATTCACCTCGGAGTGTCTGTGTTTCATTTACAAGTGCGCCACTGACTACTTGAACTCTCCTCTATGCCAACAGAGAACCGAGCCAATGCCAGAAGGTGACTACTTGAACAGAGTTATCACTCCACTTTACCGTTTCATCAGAAACCAAGTCTACGAAATTGTCGACGGTCGTTACGTTAAGCGTGAAAAGGACCACCACAAGGTCATTGGTTATGATGATGTTAACCAGCTATTCTGGTATCCAGAAGGTATCGCTAAGATTGTCTTCGAAGACAGCACTAAGTTGATCGAGATTCCAGCTGAAGAACGTTACTTGAGATTAGGTGAGGTTAGCTGGGATGACGTTTTCTTCAAGACTTACAAAGAAACCCGTTCTTGGTTCCACATGATCACAAACTTTAACCGTATTTGGATCATGCACGTTACCATTTTCTGGATGTACGTTGCCTACAACTCTCCAACTTTCTACACACATAACTATCAACAATTGGTCAACAATCAACCACCAGCTGCCTACAAATGGGCTAGTGCTGCTCTTGGTGGTACTGTTGCCAGTTTCATCCAACTTCTAGCTACAATCTGTGAATGGTCTTTTGTTCCAAGAAAATGGGCAGGTGCTCAACATCTTTCCCGTAGATTTTGGTTCTTATGTTTGATTTTTGCAGTTAACTTGGGTCCAATTATTTTTGTCTTCGCTTATGAAAAGGACACTGTTCAATCAAAGGCAGGCCACGCGGTTGCTGCGGTCATGTTCTTTGTTGCAGTCGCTACATTGCTATTTTTCTCAGTCATGCCATTGGGTGGTCTGTTCACGTCCTACATGCAAAAGTCTACCAGACGTTACGTCGCTTCTCAAACCTTCACTGCCTCCTTTGCACCTTTGCATGGTCTTGACAGATGGTTGTCTTACCTGGTTTGGGTTACTGTTTTTGCTGCTAAGTACGCTGAATCATACTACTTCTTGATTCTATCTCTAAGAGATCCAATCAGAATTTTGTCTACCACTACCATGAGATGTACTGGTGAATACTGGTGGGGTTCAAAGCTATGTAGACATCAATCAAAGATTGTTTTGGGTTTGATGATTGCTACCGATTTTATTCTGTTCTTCTTGGATACCTATCTGTGGTACATTGTTGTCAACACTGTCTTTTCCGTTGGTAAATCTTTCTACTTGGGTATTTCTATTTTGACTCCATGGAGAAACATTTTCACTAGATTGCCAAAGAGAATTTACTCCAAGATTTTGGCTACTACTGATATGGAAATCAAATACAAGCCAAAGGTTTTAATTTCCCAAGTCTGGAACGCTATCATTATCTCAATGTACAGAGAACATTTGCTTGCCATTGACCATGTCCAAAAGTTATTATACCATCAAGTTCCATCTGAAATTGAAGGTAAGAGAACTTTGAGAGCCCCAACTTTCTTTGTTTCTCAGGATGATAACAACTTTGAAACTGAGTTTTTCCCAAGAAACTCTGAAGCTGAACGTCGTATTTCTTTCTTTGCCCAATCCTTGGCCACCCCAATGCCAGAACCATTGCCAGTTGACAACATGCCAACTTTTACCGTTTTGACTCCTCACTATGCTGAAAGAATTTTGTTGTCTTTGAGAGAAATTATCAGAGAGGATGACCAATTCTCCAGAGTTACTCTATTGGAATACTTGAAGCAATTACACCCAGTTGAATGGGAATGTTTTGTTAAGGACACCAAAATCTTGGCCGAAGAGACTGCTGCTTATGAAGGTATGGATGATCAAGATCCTGAGAAGGAAGATGCATTGAAGAACCAAATTGATGATCTTCCATTCTACTGTATTGGTTTCAAGTCTGCTGCTCCTGAATATACTCTACGTACACGTATTTGGGCTTCTTTGAGATCTCAAACTTTGTACCGTACTGTTTCTGGTTTTATGAACTATGCTAGAGCTATCAAATTGCTATACCGTGTCGAAAACCCTGAAATTGTTCAAATGTTTGGTGGTAATGCCGAAGGTCTTGAAAGGGAATTGGAAAAAATGGCTAGAAGAAAGTTTAAGTTCTTGGTTTCTATGCAAAGATTGGCTAAGTTTAAACCACATGAACTGGAAAACGCTGAATTCTTGTTGAGAGCTTACCCTGATCTACAAATTGCTTACTTGGATGAAGAACCTCCACTAAACGAAGGTGAAGAACCAAGAATTTACTCAGCCTTGATTGACGGTCACTGTGAAATCTTGGAGAATGGTCGTAGACGTCCTAAGTTCAGAGTCCAACTGTCTGGTAACCCTATTCTTGGTGATGGTAAATCTGATAACCAGAACCATGCTTTGATTTTCTACAGAGGTGAATATATCCAATTGATCGATGCTAACCAAGACAACTATTTGGAAGAATGTTTGAAGATTAGATCTGTTCTTGCTGAATTTGAAGAATTGAATGCTGAACAAGTGTACCCATACTCTCCAGGTGTAAAATACGAAGATCAAAACACAAATCACCCAGTTGCTATTGTTGGTGCCAGAGAATATATTTTCTCTGAAAACTCTGGTGTTCTTGGTGATGTTGCCGCTGGTAAAGAACAAACATTTGGTACTCTTTTTGCTCGTACATTGGCTCAAATTGGTGGTAAACTGCATTATGGTCACCCGGATTTCATCAACGCTACTTTCATGACTACCAGAGGTGGTATTTCAAAGGCTCAAAAGGGTTTGCATTTGAACGAAGATATTTACGCCGGTATGAATGCCCTATTACGTGGTGGTCGTATTAAGCACTGTGAATACTATCAATGTGGTAAAGGTAGAGATTTAGGTTTTGGTACAATTTTGAATTTCACAACTAAGATTGGTGCTGGTATGGGTGAACAAATGTTGTCCCGTGAATACTACTATCTAGGTACACAACTTCCAATTGACCGTTTCTTGACTTTCTACTATGCGCACCCTGGTTTCCATTTGAATAACTTGTTCATTCAATTGTCTCTTCAAATGTTTATGTTGACTTTGGTTAATTTACACGCTCTTGCACACGAATCTATTATTTGTATTTACGATAAGAACAAGCCAAAGACAGATGTATTGTATCCAATTGGTTGTTACAACTTCTCTCCAGCTATTGACTGGGTCAGACGTTACACATTATCTATTTTCATTGTTTTCTGGATTGCCTTTGTTCCTATTGTTGTGCAAGAATTGATTGAACGTGGTCTGTGGAAGGCTACCCAAAGATTCTTCCGTCACATTCTTTCCCTATCCCCAATGTTTGAAGTGTTTGCTGGTCAAATCTACTCATCTGCTTTGTTGAGCGATTTGACTGTTGGTGGTGCTCGTTATATTTCTACTGGTAGAGGTTTTGCAACCTCACGTATCCCATTCTCCATTTTGTACTCCAGATTTGCAGGCTCTGCCATTTACATGGGTGCTAGATCAATGCTAATGTTGCTTTTCGGTACCGTTGCCCACTGGCAAGCTCCTCTCCTATGGTTCTGGGCCTCACTGTCCGCCCTGCTGTTCTCTCCATTTATTTTCAACCCACATCAATTCTCCTGGGAAGACTTCTTCTTGGATTACAGAGACTACATTAGATGGTTATCTAGAGGTAATAGTAAATACCACAGAAACTCCTGGATTGGTTACGTTAGAATGGCTAGATCTCGTATTACCGGTTTCAAACGTAAGTTGGTTGGTGATGAATCTGAAAAGGCTGCAGGTGATGCAAGCAGAGCTCACAGAACCAACTTGATTCTAGCCGAGATTATTCCAAATGCTATTTACGCTGCAGGTTGTTTTGTTGGTTTCACTTTCATTAACGCCCAAACAGGTGTTAAGACTACTGATGACGATAGAGTGAACTCTGTTCTACGTATTATCATCTGTACTTTGGCTCCAATTGTCATTGATATTGGTGTTCTGTTCTTCGTTTTGGGTATGTCTTGTTGTTCTGGTCCATTGTTCGGTATGTGCTGTAAGAGAACTGGTTCAGTTATGGCTGGTTTTGCTCACGGTATTGCCGTCATTGTTCACATTGGTTTCTTCATCGTCATGTGGGTTCTTGAAGGTTTCAACTTCACTAGAATGTTGCTTGGTGTTGTTACTATGATTCAATGTCAAAGATTGATCTTCCAATGTATGACTGTCTTGATGTTGACTAGAGAATTCAAGAATGACCATGCAAACACTGCCTTCTGGACAGGTAAATGGTACGGTTCCGGTTTTGGTTACATGGCTTGGACTCAACCAACAAGAGAATTAACTGCTAAGGTCATCGAACTTTCTGAATTTGCTGCTGATTTCGTTCTAGGTCATGTTATTCTATTTGCCCAATTCCCAGTTCTATGTATTCCAGCCATTGACAAGTTCCACTCCATCATGTTATTCTGGTTAAAGCCATCGCGTCAAATCCGTCCACCAATTTATTCTTTGAAACAATCTCGTCTAAGAAAGAGAATGGTCAAGAGATACCTAACCCTTTACATTATCGTTTTCCTAGTATTTGCTGGTTGCATCGTAGGCCCAGCAGTTGCTTCTTCCCATGTTGCTAAGGACTTGGGTCACCAATTAACTGGTACTTTCCACAATTTGGTGCAACCAAGAAATGTAAGCAACAACGATACTGGTTTTGGTATTTCCACATACAGTAACCATTACTACACGCATACTCCATCTCTAAAGACCTGGTCTACAATCAAATAA,1,5592
Candida parapsilosis,FKS1,TTTACACTACCATTTTTATAAATGTCAGCTGCTTCTATCTGCAGTCTCTACTGGAAGGAAATTCCTGCAACTTCAACATATCCAATTACGTTACGCACCAGCTTATGGGACATGCCTACAACTACTACCATCTCGACAAACGTAAATGTCAATCACCATCATTTGCTTTTTACACGTGAACGGAGCCAATTTCTTTTACATTTTTTTTTTTTTTCGTGTCTCAAAATCAAAAAGCAACACAACACAACACAACAGAATCAAAAAAAAAGAAAAAGAAATTTTTATGTTTGCTAAAACCCCTTTCACCAACACTTTTTTTTTTTAAAAAAAAAAGAGAAAGAGAAGTTATCATATACAATTACACAATGATTGACGATAAATAACTCATCTTGCATTTCGCCCGATTTATCCAGCTGTTGCTTCAATATGGAAATAATGCATTGTGTTTGTGTTTTTTATGTGGTGTGGTGTGTGTGTGTCCTTTGTACCAATTTCTCTCGAGAAGTTCTATTTTTAACAATAGGAGTGTGTTACAAAACACAGGAAAAAAAAAAAGGAGAATTATAGAAAAAAAAAAAAAAAATAAAGAAATGTTAGGTAAAACAACAGAGGAGAGAAAGAAAATTTTTGACATCTGAAATCGGGCTGTGGATTTAAAAAGATTATTGAAATTACTACATTGATATACACACGATATCGAGAAAAAGGTTTTCTTTCTTTTTTTCTTCTTTTTACCCTTTTATTTTTCCAATCTAACTGCTACTTCAACTTTGCAGTCTTTTGGTCATAGCAAGATCTTGAAAGGAAATCTCATTTGTCGCTATCAATAAGGGGTCCAGATTTGACCGATTCCAGATCACTCGCTATATTATAAAATCAAGAATTTTGTTTTCCTATTTTTTTATTTGAACGAAAATCTAACCACATTTATATCCTCGTGTTTTTGCTATATTGATCCTTTACTTTGAAATACTTAACATCGCCATAGAGTAAGTGGGGTTACTAACATTAGCAGATGTCGTATAACGATAACAACCATAACTATTACGACCCTAATCAACAGGGTGGTGGTGTCCCTAATGATGGGTACTACCAACAACCGTATGATATGAATCAGCAGCAACAACAACAACAACAACAACCATACGATGATATGAATCAGCAGCCACAACACCAGGATTATTATGATCCTAATGCGCAATATCACCAGCAACCTTATGATATGGATGGTTACAATGATCCAAACCAATATGGAGGTCATCCAATGAATGCTCAAGGTTACAATGCTGATCCAGAAGCATTTTCAGATTTCAGTTACAATGGACAAGCTCCAGGTACCCCGGGTTATGATCAATATGGAACCCAATACACTCCATCTCAGATGAGTTATGGTGGTGATCCAAGATCTTCCGGTGCCTCAACACCAATTTATGGAGTCCAGGGTCAAGGTTATGATCCTACTCAGTTTCAGGTGTCGTCCAACTTACCATATCCAGCATGGTCAGCTGATCCTCAAGCACCTATCAAGATTGAACACATTGAGGATATTTTCATTGACTTGACAAACAAATTTGGTTTCCAAAGGGATTCAATGAGAAATATGTTTGATTACTTTATGACTTTATTGGATTCAAGATCATCGCGTATGGCTCCAGCTCAAGCATTGTTGAGTTTACACGCTGACTACATTGGAGGTGACAATGCAAATTACAGAAAGTGGTTTTTTTCATCACAACAAGATTTGGATGATACTTTGGGATTTGCCAATATGACTTTGGGAAAAATTGGTAGAAAAGCTAGAAAGGCTTCCAAGAAATCCAAGAAGGCCAGAAAAGCAGCTGAAGAACATGGTGAAGATGTTGATGCTTTAGCCAATGAATTGGAAGGTGACTATTCATTGGAAGCTGCTGAAATCAGATGGAAAGCAAAGATGAACACCTTGACTCCTGAAGAAAGAGTTCGTGATATTGCTCTTTACTTGTTGTTATGGGGTGAGGCTAACCAAGTTCGTTTTACTCCAGAATGTTTGTGTTATCTTTACAAAACAGCTGTTGACTATTTGGAATCACCATTGTGTCAACAAAGACAAGAACCAGTTCCAGAGGGAGACTACTTGAACCGTGTCATTACTCCTTTATACAGATTCCTTAGATCCCAAGTTTATGAAATTTATGAGGGAAGATTTGTTAAGCGTGAAAAAGATCACAACAAGGTTATTGGATACGATGATGTTAACCAATTGTTTTGGTACCCAGAAGGTGTTTCGAGAATCATTTTCACTGATGGTACGAGATTGATTGATATTCCAAAGGAGGAACGTTACTTAAGATTGGGTGAAGTTGAGTGGAGCAATGTCTTTTTCAAGACTTACAAAGAAATCAGAACTTGGTTGCATTTTGTCACCAACTTTAACAGAATTTGGATTATTCATGGAAGTATTTATTGGATGTATACCGCTTACAACTCGCCAACATTGTACACCAAGAACTATGTTCAAACCATTAATCAACAGCCACTTGCCTCATCAAGATGGGCAGCTTGTGCCATTGGTGGTATTATTGCCGCATTCCTCCAAATTCTCGCCACTATTTTTGAATGGATGTTTGTTCCTAGAGAATGGGCCGGTGCTCAACACTTGACTCGTCGTTTAATGTTTTTGATTTTGATCTTTTTGGTAAACTTGGCTCCGGTTGTGTACACTTTTAAAGTTGCAGGATTGACTTTATACTCCAAGTCCTCATATGCACTTTCTGTTGTTGGATTCTTCATTGCTGTTGCAACTTTGGTTTTCTTTGCTGTCATGCCTTTGGGAGGTTTGTTCACCTCGTATATGAACAAGAGGTCGAGGAGGTACATCTCGTCTCATACTTTTACTGCAAACTTTGTCAAGTTAAGAGGATTGGACATGTGGATGTCGTATTTGTTGTGGGTCTTGGTTTTCCTAGCAAAGTTGGTTGAATCTTATTTCTTCTTGACTTTGTCATTGAGAGATGCTATTAGAAACTTGTCAAAGACCACAATGAGATGTACCGGTGAAGTTTGGTATGGTGACATTGTCTGTAGACAACAAGCCAAGATTGTGTTGGGATTGATGTACGCTGTCGATTTGTTGTTGTTCTTTTTGGATACCTACTTGTGGTACATTATCTGTAATTGTATCTTTTCCATTGGTCGTTCATTCTATTTGGGTATCTCAATCTTGACACCATGGAGAAACATCTTTACCAGATTACCAAAGAGAATTTACTCAAAGATTTTGGCCACCACCGAAATGGAAATCAAGTACAAGCCAAAGGTTCTTATCTCACAAATTTGGAATGCCATTGTTATCTCCATGTACAGAGAACATTTGTTAGCTATTGACCATGTGCAAAAGTTATTGTACCATCAAGTTCCATCAGAAATTGAAGGAAAGAGAACTTTGAGAGCACCAACATTCTTTGCTTCCCAAGATGACAACAATTTTGAAACGGAGTTTTTCCCAAGAAATTCTGAAGCCGAAAGAAGAATTTCATTTTTTGCCCAATCGTTGGCCACTCCAATGCCGGAACCTGTTCCTGTTGATAATATGCCCACGTTCACTGTTTTCACTCCACACTATTCGGAAAAGATTTTGCTTTCATTGAGGGAAATTATTAGAGAAGATGACCAATTTTCAAGAGTCACCTTGTTGGAATATTTGAAACAATTGCATCCAGTTGAATGGGAATGTTTTGTTAAGGACACTAAGATTTTGGCAGAAGAAACGGCTGCATATGAAAATGGTGAAGATGCGGAAAAAGCATCTGAAGATGGATTGAAATCAAAGATTGATGATTTGCCATTTTATTGTATTGGTTTCAAATCTGCTGCACCTGAGTATACTTTGAGAACAAGAATTTGGGCTTCCTTGAGGTCGCAAACTTTGTACAGAACAGTATCCGGTTTTATGAATTATGCTAGAGCCATCAAGCTTTTGTACAGGGTTGAAAATCCAGAGTTGGTTCAATACTTTGGTGGTGATCCAGAAGGATTGGAATTGGCTTTGGAGAAAATGGCCAGAAGAAAGTTTAGATTTTTGGTTTCCATGCAAAGATTGTCCAAATTTAAGGATGACGAAATGGAGAATGCAGAATTTTTGTTGCGTGCTTACCCAGATTTACAGATTGCTTTCTTGGATGAAGAACCGGCATTGAATGAGGACGAGGAACCAAGAGTTTACTCTTCTTTGATTGATGGTCATTGTGAGATGTTGGAAAATGGTAGACGTCGTCCTAAATTCAGAGTTCAATTGTCCGGTAATCCAATCTTGGGTGATGGTAAATCCGATAACCAGAATCACGCAATTATTTTCCACAGAGGTGAATATATTCAATTGATTGATGCCAATCAAGATAACTACTTGGAAGAATGTTTGAAGATTAGATCAGTTTTGGCTGAGTTTGAAGAATTGAATGTTGAGCATGTTAATCCATATTCACCAGATTTGAAGTCTGAAAATCCATTGCACGAAAAGAAAGCTCCAGTTGCTATTTTGGGTGCTAGAGAATATATCTTTTCAGAAAACTCTGGTGTCTTGGGTGATGTCGCTGCTGGTAAGGAACAAACTTTTGGTACTTTGTTTGCCAGAACATTGGCTCAAATTGGAGGTAAATTGCATTATGGTCACCCGGATTTCTTGAATGCTACATTTATGTTGACTAGAGGTGGTGTTTCTAAAGCACAAAAAGGGTTGCATTTGAACGAAGATATTTACGCTGGTATGAATGCCATGATGAGAGGTGGTAAGATCAAGCATTGTGAATACTATCAATGTGGTAAAGGTAGAGATATGGGTTTCGGATCCATTTTGAACTTCACAACCAAGATTGGTGCCGGTATGGGTGAACAGATGTTGTCTAGAGAATATTACTACTTGTCAACTCAATTGCCATTGGATAGGTTCTTGTCATTCTACTACGGACATCCTGGTTTCCATATCAATAACTTGTTTATTCAATTGTCCTTGCAAGTCTTTATGTTGGTGTTGGCAAACTTGAACTCATTGGCACACGAGTCAATTATTTGTTCGTATGATAGAGATGTTCCAGTCACTGATGTCTTGTATCCATTTGGTTGTTACAACATTGCTCCTGCTGTTGACTGGATTAGACGTTACACCTTGTCTATCTTTATTGTGTTCTTCATTTCGTTCATTCCATTGGTTGTTCAAGAGTTGATTGAAAGAGGTGTGTGGAAAGCTTGTCAAAGATTTGTTAGACATTTCATTTCGTTGTCACCTATGTTTGAAGTTTTTGTTGCCCAAATTTATTCATCATCTGTTTTCACCGATTTAACTGTTGGTGGTGCCAGGTATATTTCAACCGGTAGAGGTTTTGCCACTTCAAGAATCCCCTTTTCCATCTTGTACTCCCGTTTTGCTGACTCGTCAATTTATATGGGTGCTAGATTGATGTTGATTTTGTTGTTTGGAACCGTTGCTCATTGGCAAGCTCCATTGTTGTGGTTCTGGGCTTCGTTGTCTTCATTGATGTTTTCGCCATTCATCTTTAACCCACATCAATTTGCTTGGGAAGACTTTTTCATTGATTACAGAGACTTTATTAGATGGTTGTCTAGAGGTAACACCAAGTGGCACAGAAATTCATGGATTGGTTACGTTAGGCTTTCGAGATCTCGTATTACCGGTTTCAAACGTAAGTTGACTGGTGATATTTCTGAAAAGGCTGCTGGTGATGCATCAAGAGCTCACAGATCTAACATTTTGTTTGCTGATTTCCTTCCAACATTGATTTACACTGCTGGTCTTTATGTTGCTTTCACATTTATCAACGCTCAAACCGGTGTCACTCAGTATCCATACGAAATTGATGGTAGTACAGACGTTCAAGAAGTCAATTCTGTTTTGAGACTTATCGTGTGTTCCTTGGCCCCTGTTGTTATTGACTGTGGTGTTTTGTTTGGTTGTGTTGGTATGGCATGTTGTGCTGGACCAATGATGGGCTTGTGCTGTAAAAAGACCGGTGCCGTCATTGCCGGTATTGCTCATGGTATTGCTGTGATTGTACATATTGTTTTCTTTATTGTCATGTGGGTTATGGAAGGTTTCAACTTTGCCAGAATGTTGTTGGGTTTCGCTACTATGATTTACGTTCAAAGATTGTTGTTCAAGTTTTTAACTTTAGCTTTCTTGACCAGAGAGTTCAAGAATGATAAGGCCAATACTGCATTCTGGACGGGTAAGTGGTACAATACTGGTATGGGATGGATGGCTTTCACTCAACCATCTCGTGAATTTGTTGCCAAGATTGTCGAAATGTCTGAGTTTGCTGGTGATTTCATGTTGGCTCATATCATCTTGTTCTGTCAATTACCTATATTGGCAGTTCCATTGATTGACAGATGGCACTCAATGATGTTGTTCTGGTTGAAACCATCTAGATTGATTAGACCACCAATTTACTCATTGAAACAAGCTAGATTGAGAAAGAGAATGGTGAGAAAATATGTTACTTTGTACTTTGCAGTGCTCTTGTTGTTTGTTGTGATTATTGCTGCCCCAGCTGCTGCTTCTGGATCTATCAAGGTTGATCAGTTTGCTGACATTGGATCTAAGGGCTCAATTGCATATGGTTTGTTCCAACCAAGAAACGTTTCTAACAACGATACCGGTCCTACGAACAGACCAAAGTCTTATACTTGGTCATATTTGAGTGAAAAGTATTCTGGCCATACGACAGCATATTCTACGAATGCGTTCAGATAAATGCTTATTTGTACATGAGTGGATCCTTGCTTCCATCCTATTTTTGTTTATTGTTTTTTTATTTTGATGTTTGATATTTATAGATAAATTCGAAGAATTACTTGTATTTTTGTAAATGGTGATGCATGTAATATTTGTGTTGTTTCGTGTAAACTGGTATGCATGCATGACACCACCACCTTGTCTCTTGAAATGGTTCTTAGCTACTCTCAAGTTTTGAAGCAAAAAAAAAAAGACAAAAAAATCAGTCCAGATTGAACCTTTCTTAGTGAGTTTACTCAATTACAAACACAACACAAGATACACATCGCTGAACATGGGATTTTTACGAGGCAAGGATATTCCACTATCGACAGAAGTCTTATTAGGACTTTTGACCACCATCAGTGCCTTTTTGTTTGTAATCAAATACCGAATGTTCAAGGACTCCCAAACGTCTGGATCGGAGGAGTTGAACTTTCATGATATATTAGTACCCTTTATTCAATTGATTCCCAGCACCACCCTCTTCAACCCTTGGGTACTTATACTGGCCATTTTTGCCGAAATTTCCGTCATATCTTTCATCTTTTCGTTTGTGGTCTTGTTTGTTGGAAGCAGATTTGTTGAACGATTTTGGGGACGCATGGAAGTGATCAAATTCGTCTTGGTTGTTGGCGGAGTGACCAATTTGATTACTGTTTTGGTTGCTATTATATCCAATTTGATAAGAGAAGATGCAAAGAATATGAACACTCCCCTAGGGGGAGGTATATCTTACTATTTTGGCTTTCTTGTTGTATTTAAGCAATTGATACCGGAGCACAACATTGTCTTGTTTCAAGGCTTGGTGAATTTCAGAGTGAAACATTTGCCATTTGCGTTGTTGATTATTTTAGGGCTCTGGTCGGCAATTGTCAGTCAATCATCTTACCCAGCTGTCCCA,1016,6745
Candida tropicalis,FKS1,ATGTCGTATAACGATAACAATAACAATCATTATTACGACCCTAACCAACAGGGCGGTGTTCCACCGCAACAAGGTGATGGGTACTACCAACAACAATATGACGATATGAGTCAACAACAACAATATGACAACATGGGTCAACAACCACATCAACAAGACTACTACGATCCAAATGTTCAATACAACCAACAACCATATGACATGGATGGATATCAAGATCAAGCCCAATATGGTGGCCAACCAATGAATGCCCAAGGGTACAATGCTGATCCAGAAGCATTTTCCGATTTTAGCTACGGTGGCCAAACTCCTGGTACTCCAGGTTATGATCAATATGGTACTCAATACACACCATCCCAAATGAGCTATGGTGGAGATCCTAGATCTTCTGGTGCATCTACACCAATTTACGGTGGTCAAGGTCAAGGTTACGATCCAACCCAATTCAACATGTCTTCAAATTTGCCATACCCAGCATGGTCAGCTGATCCACAAGCTCCAATTAAAGTAGAACACATTGAAGATATTTTCATTGATTTGACTAATAAATTTGGTTTCCAAAGAGATTCTATGAGAAATATGTTTGATTACTTTATGACTTTGTTAGATTCTAGATCTTCTCGTATGTCTCCAGCCCAAGCTTTGTTGAGTTTACATGCCGATTACATTGGTGGTGACAATGCCAACTATAGAAAATGGTTCTTTGCTTCCCAACAAGATTTGGATGATTCCTTGGGTTTTGCCAATATGACTTTGGGTAAACTTGGTAGAAAAGCCAGAAAGGCATCCAAGAAATCCAAGAAAGCCAGAAAAGCAGCCGAAGAACACGGTGAAGATGTCGATGCTCTTGCAAACGAATTAGAAGGCGATTACTCCTTAGAAGCTGCCGAAATCAGATGGAAGGCCAAGATGAACTCTTTAACCCCAGAAGAAAGAGTCAGAGACATTGCCCTTTATTTATTGTTGTGGGGTGAAGCCAATCAAGTCCGTTTTACTCCAGAATGTTTATGTTACATTTACAAAACTGCTATGGATTACTTGCAATCACCATTGTGCCAACAAAGACAAGAACCAGTTCCAGAAGGTGACTACTTGAACCGTGTTATTACTCCATTGTACAGATTCATCAGATCCCAAGTTTATGAAATTTACGACGGTAGATTTGTGAAACGTGAAAAAGATCACAATAAGGTTATTGGTTATGATGACGTTAATCAATTGTTCTGGTACCCAGAAGGTATTTCTAGAATCATGTTTGAAGACGGAACCAGATTGGTTGATATTCCACAAGAAGAACGTTTCTTGAGATTAGGTGAAGTTGAATGGAAGAATGTGTTCTTTAAAACCTATAAAGAAATTAGAACCTGGTTACATTTCATCACTAACTTTAATAGAATTTGGATCATCCATGGTACTATCTACTGGATGTATACTGCTTATAACTCCCCAACCTTGTATACTAAACATTATGTCCAAACCAGAAACCAACAACCACTTGCTTCTTCTAGATGGGCTGCTTGTGCCATTGGTGGTGTTTTTGCTTGTCTTGTTCAAATCTTTGCTACCCTTTTCGAATGGATGTTTGTTCCAAGAGAATGGGCCGGTGCTCAACATTTGACTCGTCGTATGATGTTTTTGATTTTGATTTTCCTTGCCAACTTGGTTCCACCAGTTTATACTTTCAAAGTCACTAAATTGGTTTTGTATTCCAAGTCTGCTTACGCTGTTTCCGTTGTCGGTTTCTTTATTGCTATTGCCACTTTAGTTTTCTTTGCTGTCATGCCATTGGGTGGTTTATTCACTTCATACATGAACAAGAGATCTAGAAGATACATTTCTTCTCAAACTTTTACTGCCAGTTATATCAAATTGCATGGTTTAGATATGTGGATGTCCTACTTGTTGTGGTTCCTTGTTTTCCTTGCTAAATTGGTTGAATCTTATTTCTTCTTGACTTTGTCTTTAAGAGATCCAATCAGAAACTTGTCTACCATGACCATGAGATGTGTCGGTGAAGTTTGGTACGGTGACGTTGTTTGTAGAAATCAAGCCAAAATTGTCTTGGGTTTGATGTATCTTGTTGATTTGTTATTGTTCTTCTTGGATACTTATATGTGGTACATTATCTGTAACTGTATCTTCTCCATTGGTCGTTCCTTCTACTTGGGTATTTCCATCTTGACTCCATGGAGAAACATTTTCACCAGATTGCCAAAGAGAATCTACTCCAAGATTTTGGCCACCACTGAAATGGAAATCAAGTACAAACCAAAGGTTTTGATCTCCCAAATTTGGAATGCTATTGTCATTTCCATGTACAGAGAACATTTATTGGCTATTGATCACGTTCAAAAATTGTTGTACCACCAAGTTCCATCTGAAATTGAAGGTAAGAGAACTTTGAGAGCCCCAACTTTCTTTGTTTCCCAAGATGACAACAATTTTGAAACAGAATTCTTCCCAAGAAACTCTGAAGCTGAAAGAAGAATTTCTTTCTTTGCTCAATCCTTGGCTACTCCAATGCCAGAACCTTTGCCAGTCGACAACATGCCAACTTTCACTGTTTTCACTCCTCATTATTCCGAAAAGATTTTGTTATCTTTAAGAGAAATTATTAGAGAAGATGATCAATTCTCCAGAGTCACTTTATTGGAATACTTGAAACAATTGCACCCAGTTGAATGGGATTGTTTTGTTAAGGACACAAAGATTTTGGCTGAAGAAACTGCTGCTTATGAAAACGGTGATGATTCTGAAAAATTATCAGAAGATGGTTTGAAATCCAAGATTGATGACTTGCCATTCTACTGTATTGGTTTCAAATCCGCTGCTCCAGAATATACTTTGAGAACTAGAATTTGGGCTTCTTTGAGATCCCAAACTTTGTACAGAACTGTTTCCGGTTTCATGAACTATGCCAGAGCTATCAAATTGTTGTATAGAGTTGAAAACCCTGAATTAGTTCAATACTTTGGAGGTGATCCAGAAGGTTTAGAATTGGCTTTGGAAAGAATGGCCAGAAGAAAGTTCAGATTTTTGGTTTCTATGCAAAGATTATCCAAATTCAAAGATGATGAAATGGAAAATGCCGAATTCTTGTTGCGTGCCTACCCAGACTTGCAAATTGCTTACTTAGATGAAGAACCAGCTTTGAATGAAGACGAAGAACCAAGAGTCTATTCTTCCTTGATTGATGGTCATTGTGAAATGTTAGAAAATGGTAGACGTCGTCCTAAATTCAGAGTGCAATTGTCTGGTAACCCAATCTTGGGTGATGGTAAATCTGATAACCAAAATCATGCTGTTATTTTCCACAGAGGTGAATATATCCAATTGATTGATGCCAATCAAGATAACTATTTGGAAGAATGTTTGAAGATTAGATCTGTTTTGGCTGAGTTTGAAGAATTGAATGTTGAACATGTTAACCCATATGCTCCAACCATGAAGAATGATGAAAACAACATCAAGAAGGATCCAGTTGCATTCTTGGGTGCTAGAGAATATATTTTCTCTGAAAACTCTGGTGTTTTGGGTGATGTCGCTGCCGGTAAAGAACAAACTTTCGGTACTTTGTTTGCTAGAACTTTGGCTCAAATTGGTGGTAAATTGCATTATGGTCACCCGGATTTCTTGAATGCTACATTTATGTTGACCAGAGGTGGTGTTTCCAAGGCACAAAAGGGATTGCATTTGAATGAAGATATTTATGCCGGTATGAATGCCATGATGAGAGGTGGTAAGATCAAGCATTGTGAATACTACCAATGTGGTAAAGGTAGAGATTTGGGTTTCGGTTCTATTTTGAATTTCACTACCAAGATTGGTGCTGGTATGGGTGAACAAATGTTGTCTAGAGAATATTTCTACTTGGGTACTCAACTTCCATTGGACAGATTCTTGTCATTCTACTACGGTCATCCAGGTTTCCATATCAATAACTTGTTTATTCAATTGTCTTTACAAGTTTTCATCTTGGTTTTGGCAAACTTGAACTCTTTGGCTCATGAATCTATTATCTGTTCTTACAATAAAGATGTCCCAATTACTGATGTCTTGTATCCATTTGGTTGTTACAATCTTTCTCCAGCTGTTGATTGGATTAGACGTTATACTTTGTCTATCTTTATTGTTTTCTTCATTTCCTTCATCCCATTGGTTGTCCAAGAATTGATCGAAAGAGGTGTTTGGAAAGCATTCCAAAGATTCGTTAGACACTTTATTTCATTGTCTCCAATGTTTGAAGTTTTCGTTGCTCAAATCTATTCTTCATCTGTTTTCACTGATTTGACTGTTGGTGGTGCTAGATATATTTCCACTGGTAGAGGTTTTGCTACTTCTAGAATTCCATTTTCAATCTTGTACTCACGTTTTGCTGATTCATCTATTTACATGGGTGCTAGATTGATGTTGATTTTGTTGTTTGGTACTGTTTCCCACTGGCAAGCACCATTGTTGTGGTTCTGGGCTTCATTGTCTTCATTGATGTTCTCACCATTTATTTTCAACCCACATCAATTTGCTTGGGAAGATTTCTTTATTGATTACAGAGATTTCATCAGATGGTTGTCTAGAGGTAACACCAAATGGCACAGAAACTCCTGGATTGGTTACGTTAGACTTTCTAGATCTCGTATCACTGGTTTCAAACGTAAGTTGACTGGTGATGTTTCTGAAAAGGCTGCTGGTGATGCTTCAAGAGCCCACAGATCCAATGTGTTCTTTGCCGACTTTTTGCCAACTTTGATTTACACTGCTGGTCTTTATGTCGCCTACACTTTTATCAATGCTCAAACTGGTGTCACTTCATATAGTTATGAAATCAATGGTTCTACTGATCCACAAGAAGTCAATGCTACATTGAGACTTATCATTTGTGCCTTGGCCCCGGTTGTTATTGACTGTGGTTGTTTGGCCGTTTGTGTTGGTATGGCCTGTTGTGCTGGTCCAATGTTGGGCTTGTGTTGTAAAAAGACTGGTGCCGTCATTGCTGGTATTGCCCATGGTGTTGCTGTCATTGTCCACATTGTCTTTTTCATTGTCATGTGGGTTACTGAAGGTTTCAACTTTGCTAGAATGTTGTTAGGTTTAGCCACCATGGTTTATGTTCAAAGATTATTGTTCAAGTTCTTGACCTTGTGTTTCTTGACTAGAGAATTCAAGAATGATAAAGCCAACACTGCTTTCTGGACTGGTAAATGGTACAACACTGGTATGGGTTGGATGGCATTTACTCAACCATCTCGTGAATTTGTTGCCAAGATCATTGAAATGTCTGAATTTGCTGGTGATTTCATGTTGGCCCATATTATCTTGTTCTGTCAATTACCAATCTTGTGTATTCCATTAATTGATAGATGGCACTCCATGATGTTGTTCTGGTTGAAACCATCCAGATTAATCAGACCTCCAATCTATTCCTTAAAACAAGCCAGATTAAGAAAGAGAATGGTTAGAAAATACTGTGTTTTGTACTTTACTGTTTTGATTATGCTTGTTGTTATTATTGCCGCTCCAGCTGCTGCCTCTGGTCAAATTGCTGTTGATCAATTTGCCAATATTGGTGGTTCTGGATCCATTGCTAATGGTTTGTTCCAACCAAGAAATGTCAGTAATAATGATACTGGTAATCATAAACCAAAATCATACACTTGGAGTTTCTTGAGTACCCGTTTCACTGGTACTACCAAGGGTTATTCCACAAATCCATTTTAG,1,5715
