Drug,Organism,Found in,Gene name,Gene locus,AA mutation,Tandem repeat name,Tandem repeat sequence,Reference
Fluconazole,Cryptococcus neoformans,Human,ERG11,,Y136F ,,,10.1093/jac/dkl133
Fluconazole,Candida albicans,Human,ERG11,C5_00660C_A,Y132F Y205E Y257H D116E K143Q ,,,10.1111/1567-1364.12042
Fluconazole,Candida albicans,Human,ERG11,C5_00660C_A,Y132F Y205E V437I D116E K143Q ,,,10.1111/1567-1364.12042
Fluconazole,Candida albicans,Human,ERG11,C5_00660C_A,Y33C ,,,10.1016/j.ijantimicag.2005.12.005
Fluconazole,Candida albicans,Human,ERG11,C5_00660C_A,Y39C ,,,10.1016/j.ijantimicag.2005.12.005
Fluconazole,Candida albicans,Human,ERG11,C5_00660C_A,K119L ,,,10.1016/j.ijantimicag.2005.12.005
Fluconazole,Candida albicans,Human,ERG11,C5_00660C_A,T494A ,,,10.1016/j.ijantimicag.2005.12.005
Fluconazole,Candida albicans,Human,ERG11,C5_00660C_A,L491V ,,,10.1016/j.ijantimicag.2005.12.005
Fluconazole,Candida albicans,Human,ERG11,C5_00660C_A,Y132H G450E ,,,10.1128/AAC.48.6.2124-2131.2004
Fluconazole,Candida albicans,Human,ERG11,C5_00660C_A,G450E G464S ,,,10.1128/AAC.48.6.2124-2131.2004
Fluconazole,Candida albicans,Human,ERG11,C5_00660C_A,Y132H G448V ,,,10.1128/AAC.48.6.2124-2131.2004
Fluconazole,Candida albicans,Human,ERG11,C5_00660C_A,S405F ,,,10.1128/AAC.48.6.2124-2131.2004
Fluconazole,Candida albicans,Human,ERG11,C5_00660C_A,K128T V452A ,,,10.1128/AAC.48.6.2124-2131.2004
Fluconazole,Candida albicans,Human,ERG11,C5_00660C_A,Y132H S405F ,,,10.1128/AAC.48.6.2124-2131.2004
Fluconazole,Candida albicans,Human,ERG11,C5_00660C_A,G464S ,,,10.1128/AAC.48.6.2124-2131.2004
Fluconazole,Candida albicans,Human,ERG11,C5_00660C_A,G464S K128T R467I ,,,10.1128/AAC.48.6.2124-2131.2004
Fluconazole,Candida albicans,Human,ERG11,C5_00660C_A,Y257H G464S ,,,10.1128/AAC.48.6.2124-2131.2004
Fluconazole,Candida albicans,Human,ERG11,C5_00660C_A,A61V Y257H G464S G307S ,,,10.1128/AAC.48.6.2124-2131.2004
Fluconazole,Candida albicans,Human,ERG11,C5_00660C_A,Y257H G464S G307S ,,,10.1128/AAC.48.6.2124-2131.2004
Fluconazole,Candida albicans,Human,ERG11,C5_00660C_A,K143R ,,,10.1128/AAC.48.6.2124-2131.2004
Fluconazole,Candida albicans,Human,ERG11,C5_00660C_A,Y257H Y132H E266D ,,,10.1128/AAC.48.6.2124-2131.2004
Fluconazole,Candida albicans,Human,ERG11,C5_00660C_A,Y132H G464S H283R ,,,10.1128/AAC.48.6.2124-2131.2004
Fluconazole,Candida albicans,Human,ERG11,C5_00660C_A,F72L ,,,10.1099/00221287-145-10-2715
Fluconazole,Candida albicans,Human,ERG11,C5_00660C_A,T132H ,,,10.1099/00221287-145-10-2715
Fluconazole,Candida albicans,Human,ERG11,C5_00660C_A,F126L ,,,10.1099/00221287-145-10-2715
Fluconazole,Candida albicans,Human,ERG11,C5_00660C_A,E266D ,,,10.1099/00221287-145-10-2715
Fluconazole,Candida albicans,Human,ERG11,C5_00660C_A,V437I ,,,10.1099/00221287-145-10-2715
Fluconazole,Candida albicans,Human,ERG11,C5_00660C_A,F449L ,,,10.1099/00221287-145-10-2715
Fluconazole,Candida albicans,Human,ERG11,C5_00660C_A,K143E ,,,10.1099/00221287-145-10-2715
Fluconazole,Candida albicans,Human,ERG11,C5_00660C_A,T229A ,,,10.1099/00221287-145-10-2715
Fluconazole,Candida albicans,Human,ERG11,C5_00660C_A,F380S ,,,10.1016/j.diagmicrobio.2004.04.009
Fluconazole,Candida albicans,Human,ERG11,C5_00660C_A,Y132F F145L ,,,10.1016/j.diagmicrobio.2004.04.009
Fluconazole,Candida albicans,Human,ERG11,C5_00660C_A,Y79C T199I ,,,10.1016/j.diagmicrobio.2004.04.009
Fluconazole,Candida albicans,Human,ERG11,C5_00660C_A,V437I I253V ,,,10.1016/j.diagmicrobio.2004.04.009
Fluconazole,Candida albicans,Human,ERG11,C5_00660C_A,E266D V488I V130I ,,,10.1016/j.diagmicrobio.2004.04.009
Fluconazole,Candida albicans,Human,ERG11,C5_00660C_A,K143E P503L ,,,10.1016/j.diagmicrobio.2004.04.009
Fluconazole,Candida albicans,Human,ERG11,C5_00660C_A,A114S Y257H G487T T916C ,,,10.1093/jac/dkn015
Fluconazole,Candida albicans,Human,ERG11,C5_00660C_A,M140R ,,,10.1093/jac/dkn015
Fluconazole,Candida albicans,Human,ERG11,C5_00660C_A,K161N ,,,10.1093/jac/dkn015
Fluconazole,Candida albicans,Human,ERG11,C5_00660C_A,R163T ,,,10.1093/jac/dkn015
Fluconazole,Candida albicans,Human,ERG11,C5_00660C_A,E165K ,,,10.1093/jac/dkn015
Fluconazole,Candida albicans,Human,ERG11,C5_00660C_A,D225Y ,,,10.1093/jac/dkn015
Fluconazole,Candida albicans,Human,ERG11,C5_00660C_A,D225H ,,,10.1093/jac/dkn015
Fluconazole,Candida albicans,Human,ERG11,C5_00660C_A,F449Y ,,,10.1093/jac/dkn015
Fluconazole,Candida albicans,Human,ERG11,C5_00660C_A,I471T ,,,10.1093/jac/dkn015
Fluconazole,Candida albicans,Human,ERG11,C5_00660C_A,Q474K ,,,10.1093/jac/dkn015
Fluconazole,Cryptococcus neoformans,Human,ERG11,CNAG_00040,G484S ,,,AAC.47.11.3653-3656.2003
Fluconazole,Candida albicans,Human,ERG11,C5_00660C_A,P375Q ,,,10.1093/jac/dkn015
Fluconazole,Candida albicans,Human,ERG11,C5_00660C_A,R381I ,,,10.1093/jac/dkn015
Fluconazole,Candida albicans,Human,ERG11,C5_00660C_A,K119N ,,,10.1093/jac/dkn015
Fluconazole,Candida albicans,Human,ERG11,C5_00660C_A,G464S R467K ,,,PMC105395
Fluconazole,Candida albicans,Human,ERG11,C5_00660C_A,G464S G129A ,,,PMC105395
Fluconazole,Candida auris,Human,ERG11,,Y132F ,,,10.1093/cid/ciw691
Fluconazole,Candida auris,Human,ERG11,,K143R ,,,10.1093/cid/ciw691
Fluconazole,Candida auris,Human,ERG11,,F126T ,,,10.1093/cid/ciw691
Fluconazole,Candida tropicalis,Human,ERG11,KR998018,Y132F ,,,10.1128/AAC.49.11.4608-4615.2005
Fluconazole,Candida albicans,Human,RTA2,C2_06470W_A,G234S ,,,10.1080/21505594.2015.1051296
Itraconazole,Candida albicans,Human,ERG11,C5_00660C_A,Y132F Y205E Y257H D116E K143Q ,,,10.1111/1567-1364.12042
Itraconazole,Candida albicans,Human,ERG11,C5_00660C_A,Y132F Y205E V437I D116E K143Q ,,,10.1111/1567-1364.12042
Itraconazole,Candida albicans,Human,ERG11,C5_00660C_A,A114S Y205E Y257H V437I ,,,10.1111/1567-1364.12042
Itraconazole,Candida albicans,Human,ERG11,C5_00660C_A,Y205E V437I Y132H G472R ,,,10.1111/1567-1364.12042
Itraconazole,Candida albicans,Human,ERG11,C5_00660C_A,P49R E266D T486P V488I ,,,10.1016/j.ijantimicag.2005.12.005
Itraconazole,Candida albicans,Human,ERG11,C5_00660C_A,Y33C ,,,10.1016/j.ijantimicag.2005.12.005
Itraconazole,Candida albicans,Human,ERG11,C5_00660C_A,Y39C ,,,10.1016/j.ijantimicag.2005.12.005
Itraconazole,Candida albicans,Human,ERG11,C5_00660C_A,K119L ,,,10.1016/j.ijantimicag.2005.12.005
Itraconazole,Candida albicans,Human,ERG11,C5_00660C_A,T494A ,,,10.1016/j.ijantimicag.2005.12.005
Itraconazole,Candida albicans,Human,ERG11,C5_00660C_A,L491V ,,,10.1016/j.ijantimicag.2005.12.005
Itraconazole,Aspergillus fumigatus,Human,CYP51a,Afu4g06890,G54E ,,,10.1128/AAC.47.3.1120-1124.2003
Itraconazole,Aspergillus fumigatus,Human,CYP51a,Afu4g06890,L98H ,TR34,GAATCACGCGGTCCGGATGTGTGCTGAGCCGAATGAATCACGCGGTCCGGATGTGTGCTGAGCCGAAT,10.1128/AAC.01092-06
Itraconazole,Aspergillus fumigatus,Human,CYP51a,Afu4g06890,I266N ,,,10.1128/AAC.00514-12
Itraconazole,Aspergillus terreus,Human,CYP51a,ATEG_08156,M217I ,,,10.1093/infdis/jis442
Itraconazole,Aspergillus fumigatus,Human,CYP51a,Afu4g06890,G54V ,,,JCM.43.1.214-222.2005 
Itraconazole,Aspergillus fumigatus,Human,CYP51a,Afu4g06890,G54E ,,,JCM.43.1.214-222.2005 
Itraconazole,Aspergillus fumigatus,Human,CYP51a,Afu4g06890,G138C ,,,10.1128/AAC.00517-11
Itraconazole,Aspergillus fumigatus,Human,CYP51a,Afu4g06890,Y431C ,,,10.1128/AAC.00517-11
Itraconazole,Aspergillus fumigatus,Human,CYP51a,Afu4g06890,M220L ,,,10.1128/AAC.48.7.2747-2750.2004
Itraconazole,Aspergillus fumigatus,Human,CYP51a,Afu4g06890,M220V ,,,10.1128/AAC.48.7.2747-2750.2004
Itraconazole,Aspergillus fumigatus,Human,CYP51a,Afu4g06890,M220T ,,,10.1128/AAC.48.7.2747-2750.2004
Itraconazole,Aspergillus fumigatus,Human,CYP51a,Afu4g06890,F219S ,,,10.1002/ps.4301
Itraconazole,Aspergillus fumigatus,Human,CYP51a,Afu4g06890,G138S ,,,10.1002/ps.4301
Itraconazole,Aspergillus fumigatus,Human,CYP51a,Afu4g06890,G138C ,,,10.1002/ps.4301
Itraconazole,Aspergillus fumigatus,Human,CYP51a,Afu4g06890,G54E I266N ,,,10.1128/AAC.05394-11
Itraconazole,Aspergillus fumigatus,Human,CYP51a,Afu4g06890,G54W ,,,10.1128/JCM.43.1.214-222.2005
Itraconazole,Aspergillus fumigatus,Human,CYP51a,Afu4g06890,F46Y M172V N248T D255E ,,,10.1128/AAC.01005-16
Itraconazole,Aspergillus fumigatus,Human,CYP51a,Afu4g06890,P216L ,,,10.3201/eid1507.090043
Itraconazole,Aspergillus fumigatus,Human,CYP51a,Afu4g06890,H147Y ,,,10.3201/eid1507.090043
Itraconazole,Aspergillus fumigatus,Human,CYP51a,Afu4g06890,G434C ,,,10.3201/eid1507.090043
Itraconazole,Aspergillus fumigatus,Human,HapE,Afu6g05300,P88L ,,,10.1371/journal.pone.0050034
Itraconazole,Aspergillus fumigatus,Human,cox10,Afu4g08340,R243Q ,,,10.1128/AAC.02101-16
Itraconazole,Aspergillus fumigatus,Human,CYP51a,Afu4g06890,,TR53,GAATCACGCGGTCCGATGTGTGCTGAGCCGAATGAAAGTTGTCTAATGTCTAGAATCACGCGGTCCGATGTGTGCTGAGCCGAATGAAAGTTGTCTAATGTCTA,10.1128/AAC.01083-17
Itraconazole,Aspergillus fumigatus,Human,CYP51a,Afu4g06890,Y121F T289A G448S M172I ,(TR46)x3,TCTAGAATCACGCGGTCCGGATGTGTGCTGAGCCGAATGAAAGTTGTCTAGAATCACGCGGTCCGGATGTGTGCTGAGCCGAATGAAAGTTGTCTAGAATCACGCGGTCCGGATGTGTGCTGAGCCGAATGAAAGTTG,10.1128/mBio.00791-17
Micafungin,Aspergillus fumigatus,Human,fks1,Afu6g12400,F641S ,,,10.1128/AAC.01277-17
Micafungin,Candida parapsilosis,Human,FKS1,FJ372618,P660A ,,,10.1128/AAC.00262-08
Micafungin,Candida glabrata,Human,FKS1,CAGL0G01034g,D632G ,,,10.1128/AAC.00443-09
Micafungin,Candida glabrata,Human,FKS1,CAGL0G01034g,D632E ,,,10.1128/AAC.00443-09
Micafungin,Candida glabrata,Human,FKS1,CAGL0G01034g,D632Y ,,,10.1128/AAC.00443-09
Micafungin,Candida glabrata,Human,FKS2,CAGL0K04037g,F659V ,,,10.1128/AAC.00443-09
Micafungin,Candida glabrata,Human,FKS2,CAGL0K04037g,F659S ,,,10.1128/AAC.00443-09
Micafungin,Candida glabrata,Human,FKS2,CAGL0K04037g,F659del ,,,10.1128/AAC.00443-09
Micafungin,Candida krusei,Human,FKS1,,F655C ,,,10.1128/AAC.00067-07
Micafungin,Candida auris,Human,FKS1,,S639P ,,,10.1016/j.diagmicrobio.2017.10.021
Micafungin,Candida auris,Human,FKS1,,S639F ,,,10.1093/jac/dkx480
Voriconazole,Histoplasma capsulatum,Human,ERG11,,Y136F ,,,10.1093/jac/dkl133
Voriconazole,Candida albicans,Human,ERG11,C5_00660C_A,Y33C ,,,10.1016/j.ijantimicag.2005.12.005
Voriconazole,Candida albicans,Human,ERG11,C5_00660C_A,Y39C ,,,10.1016/j.ijantimicag.2005.12.005
Voriconazole,Candida albicans,Human,ERG11,C5_00660C_A,K119L ,,,10.1016/j.ijantimicag.2005.12.005
Voriconazole,Candida albicans,Human,ERG11,C5_00660C_A,T494A ,,,10.1016/j.ijantimicag.2005.12.005
Voriconazole,Candida albicans,Human,ERG11,C5_00660C_A,L491V ,,,10.1016/j.ijantimicag.2005.12.005
Voriconazole,Aspergillus fumigatus,Human,CYP51a,Afu4g06890,Y121F T289A ,TR46,TCTAGAATCACGCGGTCCGGATGTGTGCTGAGCCGAATGAAAGTTGTCTAGAATCACGCGGTCCGGATGTGTGCTGAGCCGAATGAAAGTTG,10.111/j.1439-0507.2011.02099.x
Voriconazole,Aspergillus flavus,Human,CYP51c,AFLA_100590,Y319H ,,,10.1128/AAC.00637-15
Voriconazole,Aspergillus flavus,Human,CYP51c,AFLA_100590,T788G ,,,10.1128/AAC.05477-11
Voriconazole,Aspergillus fumigatus,Human,CYP51a,Afu4g06890,G54R ,,,JCM.43.1.214-222.2005 
Voriconazole,Aspergillus fumigatus,Human,CYP51a,Afu4g06890,G138C ,,,10.1002/ps.4301
Voriconazole,Aspergillus fumigatus,Human,CYP51a,Afu4g06890,H147Y ,,,10.3201/eid1507.090043
Voriconazole,Aspergillus fumigatus,Human,CYP51a,Afu4g06890,G434C ,,,10.3201/eid1507.090043
Voriconazole,Aspergillus fumigatus,Human,CYP51a,Afu4g06890,Y431C ,,,10.3201/eid1507.090043
Voriconazole,Aspergillus fumigatus,Human,CYP51a,Afu4g06890,G448S ,,,10.1128/JCM.00329-12
Voriconazole,Aspergillus fumigatus,Human,CYP51a,Afu4g06890,,TR53,GAATCACGCGGTCCGATGTGTGCTGAGCCGAATGAAAGTTGTCTAATGTCTAGAATCACGCGGTCCGATGTGTGCTGAGCCGAATGAAAGTTGTCTAATGTCTA,10.1128/AAC.01083-17
Voriconazole,Aspergillus fumigatus,Human,CYP51a,Afu4g06890,Y121F T289A G448S M172I ,(TR46)x3,TCTAGAATCACGCGGTCCGGATGTGTGCTGAGCCGAATGAAAGTTGTCTAGAATCACGCGGTCCGGATGTGTGCTGAGCCGAATGAAAGTTGTCTAGAATCACGCGGTCCGGATGTGTGCTGAGCCGAATGAAAGTTG,10.1128/mBio.00791-17
Tebuconazole,Pyrenopeziza brassicae,Plant,CYP51b,PbCYP51b,G460S ,,,10.1111/mpp.12106
Tebuconazole,Pyrenopeziza brassicae,Plant,CYP51b,PbCYP51b,S508T ,,,10.1111/mpp.12106
Tebuconazole,Zymoseptoria tritici,Plant,CYP51,MYCGRDRAFT_70069,I381V ,,,10.1002/ps.1390
Tebuconazole,Ustilaginoidea virens,Plant,CYP51,,Y137H ,,,10.1038/srep17575
Prothioconazole,Pyrenopeziza brassicae,Plant,CYP51b,PbCYP51b,G460S ,,,10.1111/mpp.12106
Prothioconazole,Pyrenopeziza brassicae,Plant,CYP51b,PbCYP51b,S508T ,,,10.1111/mpp.12106
Prothioconazole,Mycosphaerella graminicola,Plant,MgCYP51,,L50S V136A Y461S S524T ,,,10.1128/AEM.00027-11
Metconazole,Pyrenopeziza brassicae,Plant,CYP51b,PbCYP51b,G460S ,,,10.1111/mpp.12106
Metconazole,Pyrenopeziza brassicae,Plant,CYP51b,PbCYP51b,S508T ,,,10.1111/mpp.12106
Flusilazole,Pyrenopeziza brassicae,Plant,CYP51b,PbCYP51b,G460S ,,,10.1111/mpp.12106
Flusilazole,Pyrenopeziza brassicae,Plant,CYP51b,PbCYP51b,S508T ,,,10.1111/mpp.12106
Prochloraz,Pyrenopeziza brassicae,Plant,CYP51b,PbCYP51b,G460S ,,,10.1111/mpp.12106
Prochloraz,Pyrenopeziza brassicae,Plant,CYP51b,PbCYP51b,S508T ,,,10.1111/mpp.12106
Prochloraz,Mycosphaerella graminicola,Plant,MgCYP51,,L50S V136A Y461S S524T ,,,10.1128/AEM.00027-11
Prochloraz,Oculimacula acuformis,Plant,CYP51,AF208657,A29P ,,,10.1023/A:1022584822191
Prochloraz,Oculimacula acuformis,Plant,CYP51,AF208657,V37A ,,,10.1023/A:1022584822191
Prochloraz,Oculimacula acuformis,Plant,CYP51,AF208657,Q167H ,,,10.1023/A:1022584822191
Prochloraz,Oculimacula acuformis,Plant,CYP51,AF208657,Y486H ,,,10.1023/A:1022584822191
Prochloraz,Oculimacula acuformis,Plant,CYP51,AF208657,S505Q ,,,10.1023/A:1022584822191
Prochloraz,Oculimacula yallundae,Plant,CYP51,AF276662,S505Q ,,,10.1023/A:1022584822191
Prochloraz,Penicillum digitatum,Plant,CYP51,DQ355161,V55A ,,,10.1007/s12275-014-4112-2
Prochloraz,Penicillum digitatum,Plant,CYP51,DQ355161,Y136H ,,,10.1007/s12275-014-4112-2
Prochloraz,Penicillum digitatum,Plant,CYP51,DQ355161,M144T ,,,10.1007/s12275-014-4112-2
Prochloraz,Penicillum digitatum,Plant,CYP51,DQ355161,Q309H ,,,10.1007/s12275-014-4112-2
Prochloraz,Penicillum digitatum,Plant,CYP51,DQ355161,K23E ,,,10.1007/s12275-014-4112-2
Prochloraz,Penicillum digitatum,Plant,CYP51,DQ355161,E331A ,,,10.1007/s12275-014-4112-2
Prochloraz,Penicillum digitatum,Plant,CYP51,DQ355161,I440V ,,,10.1007/s12275-014-4112-2
Prochloraz,Penicillum digitatum,Plant,CYP51,DQ355161,K449R ,,,10.1007/s12275-014-4112-2
Prochloraz,Penicillum digitatum,Plant,CYP51,DQ355161,G459S ,,,10.1007/s12275-014-4112-2
Prochloraz,Penicillum digitatum,Plant,CYP51,DQ355161,R462H ,,,10.1007/s12275-014-4112-2
Prochloraz,Penicillum digitatum,Plant,CYP51,DQ355161,F506I ,,,10.1007/s12275-014-4112-2
Prochloraz,Penicillum digitatum,Plant,CYP51,DQ355161,S507P ,,,10.1007/s12275-014-4112-2
Prochloraz,Penicillum digitatum,Plant,CYP51,DQ355161,K508R ,,,10.1007/s12275-014-4112-2
Prochloraz,Penicillum digitatum,Plant,CYP51,DQ355161,G511S ,,,10.1007/s12275-014-4112-2
Benzimidazole,Molilinia fructicola,Plant,tub2,,E198A ,,,10.1128/AEM.69.12.7145-7152.2003
Benzimidazole,Molilinia fructicola,Plant,tub2,,H6Y ,,,10.1128/AEM.69.12.7145-7152.2003
Arborcandin C,Saccharomyces cerevisiae,Human,FKS1,YLR342W,N470K ,,,10.1128/AAC.48.1.319–322.2004
Arborcandin C,Saccharomyces cerevisiae,Human,FKS1,YLR342W,L642S ,,,10.1128/AAC.48.1.319–322.2004
Posaconazole,Aspergillus niger,Animal - Human,CYP51a,ASPNIDRAFT_55947,R228Q ,,,10.1128/JCM.01075-16
Posaconazole,Aspergillus fumigatus,Human,CYP51a,Afu4g06890,G54E ,,,JCM.43.1.214-222.2005 
Posaconazole,Aspergillus fumigatus,Human,CYP51a,Afu4g06890,G54W ,,,10.1128/AAC.47.2.577-581.2003
Posaconazole,Aspergillus fumigatus,Human,CYP51a,Afu4g06890,G138C ,,,10.1002/ps.4301
Posaconazole,Aspergillus fumigatus,Human,CYP51a,Afu4g06890,F46Y M172V N248T D255E ,,,10.1128/AAC.01005-16
Posaconazole,Aspergillus fumigatus,Human,CYP51a,Afu4g06890,P216L ,,,10.3201/eid1507.090043
Posaconazole,Aspergillus fumigatus,Human,CYP51a,Afu4g06890,G434C ,,,10.3201/eid1507.090043
Posaconazole,Aspergillus fumigatus,Human,CYP51a,Afu4g06890,Y431C ,,,10.3201/eid1507.090043
Posaconazole,Aspergillus fumigatus,Human,CYP51a,Afu4g06890,Y121F T289A G448S M172I ,(TR46)x3,TCTAGAATCACGCGGTCCGGATGTGTGCTGAGCCGAATGAAAGTTGTCTAGAATCACGCGGTCCGGATGTGTGCTGAGCCGAATGAAAGTTGTCTAGAATCACGCGGTCCGGATGTGTGCTGAGCCGAATGAAAGTTG,10.1128/mBio.00791-17
Cyproconazole,Mycosphaerella graminicola,Plant,MgCYP51,,Y459C ,,,10.1111/J.1364-3703.2007.00464.X
Cyproconazole,Mycosphaerella graminicola,Plant,MgCYP51,,Y459S ,,,10.1111/J.1364-3703.2007.00464.X
Cyproconazole,Mycosphaerella graminicola,Plant,MgCYP51,,G460D ,,,10.1111/J.1364-3703.2007.00464.X
Epoxiconazole,Mycosphaerella graminicola,Plant,MgCYP51,,L50S V136A Y461S S524T ,,,10.1128/AEM.00027-11
Epoxiconazole,Mycosphaerella graminicola,Plant,MgCYP51,,L50S V136A Y461S S524T D134G ,,,10.1128/AEM.00027-11
Propiconazole,Mycosphaerella graminicola,Plant,MgCYP51,,L50S V136A Y461S S524T ,,,10.1128/AEM.00027-11
Propiconazole,Mycosphaerella graminicola,Plant,MgCYP51,,L50S V136A Y461S S524T D134G ,,,10.1128/AEM.00027-11
Propiconazole,Mycosphaerella fijiensis,Plant,MfCYP51,,A313G Y463H ,,,10.1002/ps.1770
Propiconazole,Mycosphaerella fijiensis,Plant,MfCYP51,,Y136F Y463D ,,,10.1002/ps.1770
Propiconazole,Mycosphaerella fijiensis,Plant,MfCYP51,,Y461D ,,,10.1002/ps.1770
Propiconazole,Mycosphaerella fijiensis,Plant,MfCYP51,,A313G Y463N ,,,10.1002/ps.1770
Caspofungin,Candida albicans,Human,FKS1,C1_02420C_A,S645P ,,,10.1128/AAC.01653-05
Caspofungin,Candida parapsilosis,Human,FKS1,FJ372618,P660A ,,,10.1128/AAC.00262-08
Caspofungin,Candida glabrata,Human,FKS1,CAGL0G01034g,D632G ,,,10.1128/AAC.00443-09
Caspofungin,Candida glabrata,Human,FKS1,CAGL0G01034g,D632E ,,,10.1128/AAC.00443-09
Caspofungin,Candida glabrata,Human,FKS1,CAGL0G01034g,D632Y ,,,10.1128/AAC.00443-09
Caspofungin,Candida glabrata,Human,FKS2,CAGL0K04037g,F659V ,,,10.1128/AAC.00443-09
Caspofungin,Candida glabrata,Human,FKS2,CAGL0K04037g,F659S ,,,10.1128/AAC.00443-09
Caspofungin,Candida glabrata,Human,FKS2,CAGL0K04037g,F659del ,,,10.1128/AAC.00443-09
Caspofungin,Candida krusei,Human,FKS1,,F655C ,,,10.1128/AAC.00067-07
Caspofungin,Candida albicans,Human,FKS1,C1_02420C_A,S645Y ,,,10.1128/AAC.49.8.3264-3273.2005
Caspofungin,Candida albicans,Human,FKS1,C1_02420C_A,S645F ,,,10.1128/AAC.49.8.3264-3273.2005
Caspofungin,Saccharomyces cerevisiae,Human,FKS1,AY395693,F639I ,,,10.1128/AAC.49.8.3264-3273.2005
Caspofungin,Saccharomyces cerevisiae,Human,FKS1,AY395693,V641K ,,,10.1128/AAC.49.8.3264-3273.2005
Caspofungin,Saccharomyces cerevisiae,Human,FKS1,AY395693,D646Y ,,,10.1128/AAC.49.8.3264-3273.2005
Caspofungin,Candida auris,Human,FKS1,,S639P ,,,10.1016/j.diagmicrobio.2017.10.021
Caspofungin,Candida auris,Human,FKS1,,S639F ,,,10.1093/jac/dkx480
Anidulafungin ,Candida parapsilosis,Human,FKS1,FJ372618,P660A ,,,10.1128/AAC.00262-08
Anidulafungin ,Candida glabrata,Human,FKS1,CAGL0G01034g,D632G ,,,10.1128/AAC.00443-09
Anidulafungin ,Candida glabrata,Human,FKS1,CAGL0G01034g,D632E ,,,10.1128/AAC.00443-09
Anidulafungin ,Candida glabrata,Human,FKS1,CAGL0G01034g,D632Y ,,,10.1128/AAC.00443-09
Anidulafungin ,Candida glabrata,Human,FKS2,CAGL0K04037g,F659V ,,,10.1128/AAC.00443-09
Anidulafungin ,Candida glabrata,Human,FKS2,CAGL0K04037g,F659S ,,,10.1128/AAC.00443-09
Anidulafungin ,Candida glabrata,Human,FKS2,CAGL0K04037g,F659del ,,,10.1128/AAC.00443-09
Anidulafungin ,Candida krusei,Human,FKS1,,F655C ,,,10.1128/AAC.00067-07
Anidulafungin ,Candida auris,Human,FKS1,,S639P ,,,10.1016/j.diagmicrobio.2017.10.021
Anidulafungin ,Candida auris,Human,FKS1,,S639F ,,,10.1093/jac/dkx480
5-flucytosine,Candida albicans,Human,FUR1,C5_03390C_A,R101C ,,,10.1128/AAC.48.6.2223-2227.2004
5-flucytosine,Candida auris,Human,FUR1,CAMJ_004922,F211I ,,,https://doi.org/10.1038/s41426-018-0045-x
Boscalid,Botrytis cinerea,Plant,BcSdhB,AY726618,P225F ,,,10.1094/PHYTO-01-11-0016
Boscalid,Botrytis cinerea,Plant,BcSdhB,AY726618,H272Y ,,,10.1094/PHYTO-01-11-0016
Boscalid,Botrytis cinerea,Plant,BcSdhB,AY726618,H272R ,,,10.1094/PHYTO-01-11-0016
Fluqionconazole,Zymoseptoria tritici,Plant,CYP51,MYCGRDRAFT_70069,I381V ,,,10.1002/ps.1390
Triflumizole,Zymoseptoria tritici,Plant,CYP51,MYCGRDRAFT_70069,I381V ,,,10.1002/ps.1390
Triflumizole,Oculimacula acuformis,Plant,CYP51,AF208657,S505Q ,,,10.1023/A:1022584822191
Triflumizole,Oculimacula yallundae,Plant,CYP51,AF276662,S505Q ,,,10.1023/A:1022584822191
Triflumizole,Oculimacula yallundae,Plant,CYP51,AF276662,S35T ,,,10.1023/A:1022584822191
Triflumizole,Oculimacula yallundae,Plant,CYP51,AF276662,Q43H ,,,10.1023/A:1022584822191
Triflumizole,Oculimacula yallundae,Plant,CYP51,AF276662,D78Y ,,,10.1023/A:1022584822191
Triflumizole,Oculimacula yallundae,Plant,CYP51,AF276662,E106K ,,,10.1023/A:1022584822191
Triflumizole,Oculimacula yallundae,Plant,CYP51,AF276662,N244S ,,,10.1023/A:1022584822191
Myclobutanil,Erysiphe necator,Plant,CYP51,KR106192,Y136F ,,,10.1094/PHYTO-07-14-0202-R
Expoxiconazole,Puccinia triticina,Plant,CYP51,FJ976683,Y134F ,,,10.1016/j.cropro.2009.05.007
Trimethoprim-sulfamethoxazole,Pneumocytis jirovecii,Human,DHPS,PNEJI1_002500,T55A ,,,10.1016/S0140-6736(99)03320-6
Trimethoprim-sulfamethoxazole,Pneumocytis jirovecii,Human,DHPS,PNEJI1_002500,P57S ,,,10.1016/S0140-6736(99)03320-6
Trimethoprim-sulfamethoxazole,Pneumocytis jirovecii,Human,DHPS,PNEJI1_002500,T55A P57S ,,,10.1016/S0140-6736(99)03320-6
Trimethoprim-sulfamethoxazole,Pneumocytis jirovecii,Human,DHFR,PNEJI1_001080,S37T ,,,10.1128/AAC.48.11.4301–4305.2004
Fenarimol ,Venturia nasicola,Plant,CYP51,,Y133F ,,,10.1046/j.1439-0434.2002.00776.x
Azoxystrobin,Botrytis cinerea,Plant,cytb,,G143A ,,,10.1111/j.1365-3059.2008.01909.x
Pentamidine,Pneumocytis jirovecii,Human,DHFR,PNEJI1_001080,D153V ,,,10.1128/AAC.48.11.4301–4305.2004
Pyrimethamine-sulfadoxine,Pneumocytis jirovecii,Human,DHFR,PNEJI1_001080,I158V V79I ,,,10.1128/AAC.48.11.4301–4305.2004
Pyrimethamine-sulfadoxine,Pneumocytis jirovecii,Human,DHFR,PNEJI1_001080,Y197L ,,,10.1128/AAC.48.11.4301–4305.2004
Pyrimethamine-sulfadoxine,Pneumocytis jirovecii,Human,DHFR,PNEJI1_001080,T14A P26Q ,,,10.1128/AAC.48.11.4301–4305.2004
Pyrimethamine-sulfadoxine,Pneumocytis jirovecii,Human,DHFR,PNEJI1_001080,M52I E63G T144A K171E ,,,10.1128/AAC.48.11.4301–4305.2004
Pyrimethamine-sulfadoxine,Pneumocytis jirovecii,Human,DHFR,PNEJI1_001080,S106P E127G R170G ,,,10.1128/AAC.48.11.4301–4305.2004
Pyrimethamine-atovaquone,Pneumocytis jirovecii,Human,DHFR,PNEJI1_001080,S37T ,,,10.1128/AAC.48.11.4301–4305.2004
